{"vid": {"_type": "video-file", "sha256": "8636b827172f071c7123076ea399601457bb85ce5f3a7733ed9c71d639687fa0", "size": 17677, "path": "media/videos/vid_13_8636b827172f071c7123.mp4", "width": 384, "height": 160}, "_timestamp": 1715354355.002981, "_runtime": 2028.3232929706573, "_step": 13}