{"vid_ygcozsqrvs.mp4": {"_type": "video-file", "sha256": "715601f8b0719b38af18bc9a0e6b779b765a52017b3a2c8c56329eddab0b1fd1", "size": 10508504, "path": "media/videos/vid_ygcozsqrvs.mp4_0_715601f8b0719b38af18.mp4", "width": 800, "height": 400}, "_timestamp": 1719257948.5718162, "_runtime": 341.43715715408325, "_step": 0}