{"vid": {"_type": "video-file", "sha256": "060e8877d48190ff0af86c54e6c680d2877270544c9167aeb536319843f9d8b6", "size": 2642889, "path": "media/videos/vid_0_060e8877d48190ff0af8.mp4", "width": 800, "height": 400}, "_timestamp": 1719257161.7769816, "_runtime": 68.08418369293213, "_step": 0}